COMMAND,SQL,QUERY,XML,WHOLE
GetMyOpenRecsByGrp,36.515,11587.773,14.097,11683.072
GetAllSOFsByProduct,16.09,11883.131,7.238,11910.058
GetAllIssuesByProduct,155.624,1945.305,8.413,2356.324
GetAllSOFsByProduct,29.774,12615.384,67.221,12718.212
GetAllIssuesByProduct,22.971,2241.828,5.912,2273.366
GetRecsIOwn,25.649,8704.926,3.867,8739.811
GetAllSOFsByProduct,112.138,13215.955,6.948,13347.774
GetAllSOFsByProduct,120.886,12200.961,19.29,12477.938
GetAllSOFsByProduct,28.985,13228.972,15.689,13569.859
GetAllSOFsByProduct,5.216,13217.908,3.008,13228.08
GetAllSOFsByProduct,5.017,11757.45,21.827,11786.511
GetAllSOFsByProduct,4.468,10884.19,38.036,10928.58
GetAllSOFsByProduct,4.543,9673.738,1.357,9681.473
GetAllSOFsByProduct,4.808,13299.626,1.837,13308.702
GetAllSOFsByProduct,3.521,10508.17,2.205,10516.283
GetAllSOFsByProduct,4.365,11993.271,1.913,12001.503
GetAllSOFsByProduct,3.826,11241.241,2.834,11250.289
GetAllSOFsByProduct,4.885,11779.496,1.944,11788.938
GetAllSOFsByProduct,32.862,13121.45,3.368,13159.743
GetAllGPSOFsByProduct,6.111,6978.901,1.163,7010.852
GetAllSOFsByProduct,4.448,11892.652,1.907,11900.886
GetMyOpenRecsByGrp,29.422,13035.388,4.118,13072.711
GetMyOpenRecsByGrp,57.803,10282.838,6.436,10502.095
GetMyOpenRecsByGrp,112.066,10372.691,8.273,10601.042
GetMyOpenRecsByGrp,20.741,10306.145,7.017,10340.422
GetMyOpenRecsByGrp,112.004,10447.595,8.782,10582.557
GetMyOpenRecsByGrp,22.793,10091.656,9.114,10130.684
GetMyOpenRecsByGrp,102.262,7987.769,37.567,8227.672
GetMyOpenRecsByGrp,23.686,10289.051,5.941,10320.432
GetAllSOFsByProduct,26.418,13499.804,9.707,14148.646
GetAllSOFsByProduct,7.269,12835.559,44.115,12890.629
GetAllSOFsByProduct,7.053,13876.961,4.417,13892.478
GetAllGPSOFsByProduct,9.68,7541.953,3.138,7563.388
GetAllSOFsByProduct,6.898,47406.185,4.296,47420.667
GetAllSOFsByProduct,35.621,14042.504,6.984,14088.924
GetAllSOFsByProduct,27.372,13858.417,6.972,14035.478
GetMyOpenRecsByGrp,33.469,12365.307,9.793,12426.152
GetMyOpenRecsByGrp,34.695,10859.036,4.828,10900.537
GetAllCAPAsByCustomer,21.883,9271.802,24.959,9334.71
GetAllSOFsByProduct,19.576,15263.199,3.401,15296.46
GetAllCAPAsByCustomer,20.676,7498.697,0.55,7527.665
GetAllCAPAsByCustomer,16.393,7888.708,0.584,7923.663
GetAllIssuesByProduct,70.544,891.069,0.756,972.752
GetAllIssuesByProduct,20.876,70.511,0.877,93.746
GetAllIssuesByProduct,19.604,177.235,0.661,200.609
GetMyOpenRecsByGrp,20.127,11237.569,10.006,11269.188
GetMyOpenRecsByGrp,21.996,9689.152,9.729,9723.057
GetAllGPSOFsByProduct,26.053,6042.904,1.727,6080.985
GetAllGPSOFsByProduct,16.833,5739.893,1.46,5759.417
GetAllTPsByProduct,3.569,1590.406,0.632,1612.072
GetAllTPsByProduct,2.52,1295.512,1.043,1300.196
GetAllSOFsByProdAndSrc,15.026,11602.054,6.04,11659.995
GetAllRMAsByCustomer,2.805,12573.687,6.785,12595.451
GetAllRMAsByCustomer,3.213,11696.049,1.602,11702.52
GetFAMeetingSOF,17.15,2518.099,38.956,2627.76
GetAllGPSOFsByProduct,19.587,4691.491,0.622,4713.144
GetAllGPSOFsByProduct,17.205,7262.684,0.752,7282.644
GetAllGPSOFsByProduct,16.154,6687.966,1.463,6707.088
GetRecsIOwn,16.496,8647.409,1.942,8685.748
GetRecsIOwn,18.466,7230.528,1.937,7252.411
GetAllSOFsByProduct,46.861,298.952,0.72,348.322
GetAllSOFsByProduct,16.479,13731.058,4.905,13754.199
GetAllSOFsByProduct,22.366,13217.728,5.054,13247.024
GetAllSOFsByProduct,3.917,2829.868,0.541,2836.134
GetAllSOFsByProdAndSrc,19.925,11090.407,3.688,11121.862
GetAllSOFsByProdAndSrc,21.32,12155.546,8.783,12187.781
GetAllGPSOFsByProduct,24.02,9483.719,1.006,9510.815
GetAllGPSOFsByProduct,16.928,8536.895,0.618,8556.655
GetAllGPSOFsByProduct,17.675,7342.023,1.569,7440.915
GetMyOpenRecsByGrp,16.829,10604.5,2.259,10625.744
GetMyOpenRecsByGrp,18.7,10979.653,4.344,11004.062
GetAllGPSOFsByProduct,17.411,6929.443,1.49,6950.058
GetAllGPSOFsByProduct,18.069,6763.91,1.834,6784.836
GetAllTPsByProduct,3.181,1917.885,1.184,1923.757
GetAllTPsByProduct,2.897,1703.232,0.427,1707.461
GetAllSOFsByProdAndSrc,16.283,12881.664,6.331,12906.184
GetAllGPSOFsByProduct,20.076,7187.977,0.661,7210.134
GetAllGPSOFsByProduct,16.784,6703.002,0.883,6722.701
GetAllRMAsByCustomer,4.068,13098.949,4.636,13109.217
GetAllRMAsByCustomer,3.574,11665.22,1.628,11671.606
GetFAMeetingSOF,17.131,2935.151,39.349,3014.633
GetAllGPSOFsByProduct,19.431,5204.223,0.793,5226.456
GetAllGPSOFsByProduct,16.373,7482.357,0.646,7500.616
GetAllGPSOFsByProduct,16.003,6788.263,1.63,6808.212
GetAllGPSOFsByProduct,16.308,4180.371,0.571,4198.681
GetAllGPSOFsByProduct,15.27,3615.903,1.216,3633.79
GetAllGPSOFsByProduct,14.739,8194.239,0.657,8211.05
GetAllSOFsByProduct,18.344,12471.007,2.349,12493.247
GetAllSOFsByProduct,15.604,10489.22,5.758,10512.002
GetMyOpenRecs,21.963,14772.621,43.515,14858.269
GetAllGPSOFsByProduct,18.927,7623.956,0.623,7645.455
GetAllGPSOFsByProduct,15.323,6462.713,0.883,6480.162
GetAllSOFsByProduct,77.453,14053.886,7.792,14140.774
GetAllSOFsByProdAndSrc,43.151,12618.644,8.828,12707.955
GetMyOpenRecs,68.055,18639.697,31.267,18740.404
GetMyOpenRecs,49.805,9739.226,44.004,9834.403
GetMyOpenRecs,19.758,7894.486,64.152,7979.616
GetMyOpenRecsByGrp,22.062,11269.377,18.171,11311.247
GetMyOpenRecs,18.258,9775.057,19.821,9814.502
GetMyOpenRecs,16.349,8631.486,30.583,8679.83
GetMyOpenRecsByGrp,43.685,11183.528,0.44,11228.974
GetMyOpenRecs,17.512,10715.265,29.72,10764.844
GetMyOpenRecs,16.407,7999.543,28.007,8063.491
GetMyOpenRecsByGrp,20.263,11309.676,0.49,11332.162
GetMyOpenRecsByGrp,16.714,10515.583,2.112,10537.359
GetMyOpenRecsByGrp,20.985,8654.036,1.04,8677.594
GetMyOpenRecsByGrp,19.909,7403.494,0.512,7425.311
GetMyOpenRecsByGrp,17.991,9309.017,0.415,9329.129
GetMyOpenRecsByGrp,19.04,8535.296,1.878,8557.764
GetMyOpenRecsByGrp,19.844,9191.457,0.431,9213.206
GetAllGPSOFsByProduct,22.392,8422.964,0.639,8448.146
GetAllGPSOFsByProduct,14.357,8047.072,0.875,8064.139
GetAllGPSOFsByProduct,27.832,9051.544,1.518,9081.909
GetAllGPSOFsByProduct,18.829,6786.402,1.689,6808.34
GetAllGPSOFsByProduct,18.996,9585.586,0.699,9606.797
GetAllGPSOFsByProduct,18.465,7432.9,0.939,7453.747
GetAllGPSOFsByProduct,20.134,8446.572,0.655,8469.166
GetAllGPSOFsByProduct,17.121,7121.569,0.917,7141.142
GetAllGPSOFsByProduct,19.013,7444.148,0.642,7465.962
GetAllGPSOFsByProduct,19.513,7114.718,1.536,7137.83
GetAllGPSOFsByProduct,16.689,7551.704,0.609,7571.022
GetAllGPSOFsByProduct,17.803,6757.676,0.858,6777.788
GetAllGPSOFsByProduct,18.759,7924.416,0.651,7945.602
GetAllGPSOFsByProduct,17.325,8617.785,1.084,8637.678
GetAllGPSOFsByProduct,20.475,6977.197,1.838,7000.809
GetAllGPSOFsByProduct,17.631,7317.553,0.603,7337.277
GetAllGPSOFsByProduct,17.389,7972.524,0.855,7992.988
GetAllGPSOFsByProduct,18.314,6995.858,1.081,7017.407
GetAllGPSOFsByProduct,18.963,7647.251,0.819,7669.304
GetAllGPSOFsByProduct,23.833,7153.733,1.568,7182.855
GetMyOpenRecsByGrp,2.897,9461.505,0.434,9466.253
GetAllGPSOFsByProduct,19.469,8305.348,0.873,8327.821
GetAllGPSOFsByProduct,18.393,6710.037,1.836,6732.522
GetAllGPSOFsByProduct,21.514,8124.175,0.803,8147.988
GetAllGPSOFsByProduct,17.41,6902.196,1.654,6923.108
GetMyOpenRecs,17.575,10683.963,27.13,10730.688
GetMyOpenRecs,46.338,18060.06,18.946,18127.415
GetMyOpenRecs,64.506,9944.02,29.477,10040.008
GetMyOpenRecs,18.735,8891.933,83.538,8995.941
GetMyOpenRecsByGrp,17.059,10875.537,0.394,10894.726
GetMyOpenRecs,21.471,9880.833,25.095,9929.022
GetMyOpenRecs,18.0,9620.19,26.611,9666.666
GetMyOpenRecsByGrp,18.094,8831.535,0.394,8851.859
GetMyOpenRecs,24.435,10296.411,20.868,10343.321
GetMyOpenRecs,16.609,8527.194,41.374,8586.976
GetMyOpenRecsByGrp,17.213,12360.93,0.451,12380.411
GetMyOpenRecs,18.293,10442.961,21.267,10484.67
GetMyOpenRecs,20.342,9498.558,42.005,9562.592
GetMyOpenRecsByGrp,17.048,10762.93,0.426,10781.941
GetMyOpenRecs,17.419,10988.963,229.103,11238.084
GetAllSOFsByProdAndSrc,38.335,12219.363,2.069,12262.525
GetMyOpenRecs,32.151,10029.916,29.079,10092.947
GetMyOpenRecsByGrp,70.41,11305.727,3.043,11381.159
GetAllIssuesByProduct,17.891,14377.614,0.535,14397.737
GetAllIssuesByProduct,18.743,14864.887,0.498,14885.425
GetAllSOFsByProduct,15.627,10742.688,2.888,10762.725
GetRecsIOwn,17.331,6943.614,3.119,6965.843
GetMyOpenRecsByGrp,17.794,10398.198,1.964,10419.443
GetMyOpenRecsByGrp,18.893,8333.483,4.268,8358.227
GetAllGPSOFsByProduct,19.875,8670.18,1.111,8692.568
GetAllGPSOFsByProduct,19.041,6356.404,1.227,6377.918
GetAllTPsByProduct,3.151,1820.784,0.602,1825.927
GetAllTPsByProduct,3.587,1608.225,0.403,1613.431
GetAllSOFsByProdAndSrc,17.265,11902.143,4.532,11926.048
GetAllRMAsByCustomer,3.704,12080.973,4.359,12090.524
GetAllRMAsByCustomer,3.298,11199.614,1.359,11206.33
GetFAMeetingSOF,18.031,2900.369,36.243,2976.192
GetAllGPSOFsByProduct,18.521,4620.633,0.563,4641.414
GetAllGPSOFsByProduct,16.687,8284.796,0.872,8303.77
GetAllGPSOFsByProduct,16.594,6640.973,1.412,6661.452
GetRecsIOwn,16.053,8304.068,1.859,8324.256
GetRecsIOwn,19.415,5511.646,2.681,5535.804
GetMyOpenRecsByGrp,3.416,10390.048,1.501,10397.196
GetMyOpenRecsByGrp,3.019,10204.037,2.495,10210.919
GetMyOpenRecsByGrp,17.283,10086.514,1.859,10107.118
GetMyOpenRecsByGrp,20.385,9208.568,20.168,9250.839
GetRecsIOwn,18.932,8962.983,1.843,8985.879
GetRecsIOwn,17.526,5999.943,2.053,6021.003
GetRecsIOwn,23.78,8904.255,1.822,8931.359
GetMyOpenRecs,43.416,18096.414,40.418,18182.241
GetAllSOFsByProduct,19.209,11642.657,1.743,11665.099
GetRecsIOwn,18.58,8762.559,1.783,8784.414
GetMyOpenRecs,20.723,10050.798,75.248,10150.777
GetMyOpenRecs,107.884,9393.012,114.552,10098.137
GetAllSOFsByProduct,22.018,12544.525,4.825,12577.05
GetMyOpenRecsByGrp,7.252,11024.855,3.605,11051.657
GetAllSOFsByProdAndSrc,181.787,12645.732,15.554,12861.323
GetMyOpenRecs,28.119,18489.094,51.553,18571.363
GetAllIssuesByProduct,4.66,12493.435,1.204,12528.753
GetRecsIOwn,86.929,9829.541,1.903,9940.592
GetAllGPSOFsByProduct,23.209,9483.515,1.822,9514.738
GetAllGPSOFsByProduct,20.948,6333.088,25.002,6380.845
GetMyOpenRecs,20.608,14146.064,20.799,14195.527
GetMyOpenRecsByGrp,18.333,10113.664,0.479,10134.572
GetMyOpenRecsByGrp,22.426,9703.618,2.225,9730.287
GetMyOpenRecs,23.818,14029.788,17.487,14073.317
GetMyOpenRecs,62.239,18067.007,44.806,18176.531
GetAllSOFsByProduct,24.979,11975.132,1.91,12004.112
GetMyOpenRecs,59.747,17941.907,25.424,18029.246
GetAllCAPAsByCustomer,17.562,4424.944,0.658,4453.411
GetAllCAPAsByCustomer,32.947,9560.422,0.758,9596.051
GetAllSOFsByProduct,3.852,12577.839,1.701,12586.167
GetMyOpenRecsByGrp,63.413,11443.097,5.929,11519.802
GetMyOpenRecsByGrp,109.353,9069.053,52.782,9359.471
GetAllSOFsByProduct,9.096,8441.82,3.039,9105.541
GetRecsIOwn,5.081,5183.068,24.242,5222.962
GetRecsIOwn,5.641,4870.354,1.22,4879.681
GetRecsIOwn,3.373,6963.206,1.245,6969.86
GetRecsIOwn,3.659,7246.08,0.843,7253.034
GetRecsIOwn,3.727,7867.675,8.504,7882.761
GetRecsIOwn,9.734,5773.094,0.776,5785.75
GetAllSOFsByProduct,8.222,9436.452,1.996,9448.623
GetAllSOFsByProduct,4.065,8263.104,2.176,8271.231
GetMyOpenRecsByGrp,51.54,12802.982,3.948,12860.757
GetMyOpenRecsByGrp,119.493,10742.897,34.076,10915.083
GetMyOpenRecsByGrp,196.485,8673.914,43.804,9061.373
GetMyOpenRecs,20.664,11861.596,162.795,12048.58
GetMyOpenRecs,22.341,9857.683,88.517,9970.143
GetMyOpenRecsByGrp,25.168,10140.48,6.977,10174.801
GetMyOpenRecs,3.542,8253.777,32.719,8292.602
GetMyOpenRecs,16.797,10429.926,96.071,10544.524
GetMyOpenRecs,16.519,10148.339,42.258,10208.686
GetMyOpenRecsByGrp,20.52,11221.744,0.463,11244.466
GetMyOpenRecsByGrp,21.129,9282.248,2.279,9307.272
GetMyOpenRecs,17.477,10087.558,21.388,10128.116
GetMyOpenRecs,16.082,8766.758,47.169,8831.543
GetMyOpenRecsByGrp,17.334,10317.227,0.548,10336.736
GetMyOpenRecs,19.086,9770.209,31.128,9822.828
GetMyOpenRecsByGrp,19.271,8904.482,1.757,8927.522
GetMyOpenRecs,22.925,10333.761,22.68,10381.128
GetMyOpenRecs,17.9,10630.274,40.893,10690.611
GetMyOpenRecsByGrp,16.744,10957.317,0.448,10976.067
GetMyOpenRecs,21.85,9386.08,20.895,9430.387
GetMyOpenRecs,18.869,10973.778,24.419,11018.428
GetMyOpenRecs,16.671,9282.893,43.956,9345.258
GetMyOpenRecsByGrp,22.127,11114.636,0.394,11139.504
GetRecsIOwn,18.88,8930.666,0.757,8969.204
GetMyOpenRecs,17.379,5966.81,3.174,5989.107
GetMyOpenRecs,18.81,5965.745,4.603,5990.621
GetMyOpenRecsByGrp,23.216,10669.671,0.496,10694.885
GetRecsIOwn,16.083,7237.784,0.769,7256.666
GetAllSOFsByProduct,15.0,10881.711,1.823,10899.838
GetAllSOFsByProduct,14.535,9668.302,2.063,9687.149
GetAllSOFsByProduct,15.643,9896.333,1.912,9915.087
GetAllIssuesByProduct,15.692,10932.066,0.547,10949.678
GetAllGPSOFsByProduct,2.688,6005.578,1.314,6012.894
GetAllTPsByProduct,3.729,1696.812,0.409,1704.372
GetIssuesClassByProduct,16.888,8354.116,1.114,8375.342
GetAssemblyClassByProduct,2.785,5166.069,0.384,5178.687
GetCauseClassByProduct,2.555,4505.319,0.464,4511.118
GetAllSOFsByProdAndSrc,2.758,10257.449,1.775,10265.714
GetAllRMAsByCustomer,2.485,10120.264,1.937,10128.175
GetAllRMAsByCustomer,3.145,9393.386,1.808,9399.753
GetAllCAPAsByCustomer,2.351,3348.09,0.902,3354.691
GetMyOpenRecsByGrp,17.552,9420.17,0.488,9440.009
GetRecsIOwn,18.052,7606.008,1.349,7627.039
GetMyOpenRecsByGrp,17.462,7943.85,2.435,7965.235
GetMyOpenRecsByGrp,19.109,8860.191,0.452,8881.03
GetRecsIOwn,16.227,6305.513,0.738,6323.91
GetMyOpenRecsByGrp,16.942,10322.926,2.838,10344.27
GetMyOpenRecsByGrp,3.042,11454.481,1.514,11460.559
GetMyOpenRecsByGrp,3.09,10001.368,0.449,10006.174
GetMyOpenRecs,2.594,9314.497,13.72,9332.487
GetMyOpenRecs,2.263,8743.423,12.86,8760.019
GetMyOpenRecsByGrp,2.988,10448.064,0.462,10453.019
GetMyOpenRecs,2.653,8689.937,11.977,8706.396
GetMyOpenRecs,2.9,7927.974,11.94,7945.778
GetAllCAPAsByCustomer,16.367,3131.562,1.045,3150.457
GetAllCAPAsByCustomer,14.937,8346.734,0.542,8363.899
GetRecsIOwn,3.226,6682.871,0.602,6688.265
GetRecsIOwn,3.195,7409.886,0.564,7415.001
GetAllIssuesByProduct,19.552,13230.261,0.699,13251.97
GetAllCAPAsByCustomer,17.487,7738.579,0.558,7758.157
GetAllGPSOFsByProduct,82.091,11956.908,1.238,12041.776
GetAllGPSOFsByProduct,49.456,9536.431,1.905,9589.201
GetMyOpenRecs,16.847,18694.297,22.235,19148.858
GetMyOpenRecs,18.378,9434.966,39.988,9495.312
GetMyOpenRecsByGrp,17.246,12110.72,0.437,12130.318
GetMyOpenRecs,18.623,10439.68,21.281,10482.103
GetMyOpenRecs,16.239,8454.558,41.232,8513.854
GetMyOpenRecsByGrp,18.136,12176.276,0.468,12197.096
GetAllGPSOFsByProduct,85.245,9767.588,0.965,9856.27
GetAllGPSOFsByProduct,16.472,6480.425,1.433,6500.155
GetRecsIOwn,20.471,7644.802,0.862,7667.95
GetRecsIOwn,18.174,7774.648,1.54,7797.022
GetAllGPSOFsByProduct,18.401,8689.39,0.939,8710.063
GetAllGPSOFsByProduct,15.464,7171.315,2.276,7190.497
GetRecsIOwn,18.343,9084.706,0.868,9105.386
GetRecsIOwn,17.925,8488.029,0.921,8508.332
GetMyOpenRecsByGrp,106.515,13062.796,15.92,13229.532
GetMyOpenRecsByGrp,19.27,7819.701,75.666,7916.205
GetRecsIOwn,18.598,8154.605,1.715,8202.932
GetMyOpenRecsByGrp,19.624,9868.429,0.883,9890.907
GetRecsIOwn,22.422,7595.126,0.879,7620.09
GetMyOpenRecsByGrp,20.367,7029.642,3.252,7054.854
GetMyOpenRecsByGrp,18.5,7616.788,3.294,7640.166
GetMyOpenRecsByGrp,105.725,8047.814,8.81,8350.877
GetMyOpenRecsByGrp,22.991,9373.23,11.158,9409.029
GetRecsIOwn,19.641,8044.846,1.881,8069.562
GetMyOpenRecsByGrp,19.675,7764.47,5.141,7790.969
GetMyOpenRecs,21.718,9824.409,96.095,9945.696
GetMyOpenRecs,20.309,9916.241,85.102,10023.16
GetMyOpenRecsByGrp,18.155,8997.094,0.424,9017.222
GetMyOpenRecsByGrp,18.472,8123.774,2.627,8146.517
GetMyOpenRecsByGrp,20.918,9611.987,5.308,9639.813
GetAllGPSOFsByProduct,20.353,6836.635,2.273,6863.137
GetAllGPSOFsByProduct,19.062,5920.538,2.074,5943.021
GetAllTPsByProduct,4.511,1815.948,0.675,1824.201
GetAllTPsByProduct,3.102,1431.169,0.926,1436.454
GetAllSOFsByProdAndSrc,18.465,12288.9,7.577,12318.538
GetAllRMAsByCustomer,3.638,11644.096,5.403,11656.863
GetAllSOFsByProduct,18.207,12489.718,2.193,12513.644
GetAllRMAsByCustomer,4.624,9031.756,1.559,9040.499
GetFAMeetingSOF,18.34,2411.774,43.939,2503.205
GetAllGPSOFsByProduct,20.524,4255.586,0.607,4278.296
GetAllGPSOFsByProduct,22.039,6867.359,1.409,6892.649
GetAllGPSOFsByProduct,22.407,6446.92,1.325,6472.09
GetRecsIOwn,18.084,5821.195,0.766,5841.954
GetRecsIOwn,17.029,7378.327,0.783,7397.58
GetAllSOFsByProduct,63.937,13127.821,2.713,13262.709
GetAllSOFsByProduct,18.918,12695.968,27.486,12744.318
GetRecsIOwn,30.18,9038.751,1.369,9072.097
GetRecsIOwn,112.1,8740.935,5.191,8998.34
GetMyOpenRecsByGrp,24.659,12318.675,29.865,12376.871
GetMyOpenRecsByGrp,25.836,9607.573,13.496,9648.832
GetMyOpenRecs,20.946,11120.933,178.002,11323.675
GetMyOpenRecs,19.351,9187.563,116.59,9325.105
GetMyOpenRecsByGrp,18.556,16900.627,3.206,16924.094
GetAllIssuesByProduct,18.331,14078.204,1.681,14101.485
GetAllIssuesByProduct,16.422,13352.676,0.748,13371.164
GetAllSOFsByProduct,16.752,11073.798,2.629,11096.424
GetRecsIOwn,17.97,8788.49,1.002,8809.063
GetMyOpenRecs,18.035,10650.356,21.163,10692.112
GetMyOpenRecs,20.172,8680.692,175.643,8878.004
GetMyOpenRecsByGrp,17.811,11115.554,3.193,11138.183
GetAllIssuesByProduct,17.62,13442.343,0.63,13462.036
GetAllIssuesByProduct,16.667,14785.81,1.075,14804.854
GetAllSOFsByProduct,18.445,13468.011,13.898,13502.033
GetRecsIOwn,22.54,9196.135,0.95,9221.481
GetMyOpenRecsByGrp,44.974,12887.902,1.684,12936.466
GetMyOpenRecsByGrp,27.124,11004.56,4.892,11038.137
GetAllGPSOFsByProduct,19.572,8126.849,1.673,8151.213
GetAllGPSOFsByProduct,25.491,8045.056,2.097,8073.897
GetAllTPsByProduct,3.943,3160.633,0.592,3168.339
GetAllTPsByProduct,3.101,1892.961,0.966,1898.207
GetAllSOFsByProdAndSrc,22.301,14236.623,5.885,14268.129
GetAllRMAsByCustomer,4.872,12844.427,5.964,12858.737
GetAllRMAsByCustomer,3.435,11871.634,1.996,11878.568
GetFAMeetingSOF,16.252,3000.794,45.208,3081.74
GetAllGPSOFsByProduct,19.36,4816.122,0.644,4837.884
GetAllGPSOFsByProduct,17.461,7899.191,0.884,7919.438
GetAllGPSOFsByProduct,16.09,7855.576,1.404,7874.475
GetRecsIOwn,15.26,8368.427,0.757,8385.977
GetRecsIOwn,17.998,7822.913,0.819,7843.631
GetMyOpenRecs,102.58,20646.518,29.959,21214.03
GetMyOpenRecsByGrp,18.778,12674.209,1.482,12696.683
GetMyOpenRecsByGrp,17.367,9626.928,5.172,9651.983
GetAllGPSOFsByProduct,22.181,7056.313,1.748,7082.391
GetAllGPSOFsByProduct,18.285,6295.885,1.965,6317.685
GetAllSOFsByProdAndSrc,18.546,12133.886,1.492,12155.795
GetAllTPsByProduct,3.586,3666.509,1.194,3673.679
GetAllTPsByProduct,2.496,2123.321,0.428,2127.682
GetAllSOFsByProdAndSrc,17.808,14443.734,5.604,14469.1
GetAllRMAsByCustomer,3.721,14128.406,5.822,14140.003
GetAllGPSOFsByProduct,18.019,9802.055,0.879,9822.857
GetAllRMAsByCustomer,3.332,10802.829,1.351,10809.242
GetFAMeetingSOF,17.425,3136.123,30.04,3201.498
GetMyOpenRecs,17.091,10404.655,39.92,10463.246
GetMyOpenRecsByGrp,18.66,6252.056,0.633,6273.597
GetMyOpenRecsByGrp,20.711,11058.443,1.086,11081.735
GetAllGPSOFsByProduct,17.431,4421.616,0.639,4441.051
GetAllGPSOFsByProduct,18.969,4124.679,1.038,4145.986
GetAllTPsByProduct,2.552,1924.332,0.632,1928.785
GetAllTPsByProduct,2.679,1770.248,0.502,1774.647
GetAllSOFsByProdAndSrc,14.69,12807.108,1.251,12824.483
GetAllRMAsByCustomer,3.354,12522.397,1.362,12528.576
GetAllRMAsByCustomer,3.672,12433.384,1.422,12439.848
GetFAMeetingSOF,16.494,2817.254,29.312,2870.609
GetMyOpenRecs,23.477,9606.494,21.256,9653.869
GetMyOpenRecs,21.277,9047.883,27.795,9098.739
GetMyOpenRecsByGrp,18.09,11415.151,2.272,11437.632
GetAllIssuesByProduct,29.992,13048.063,0.681,13080.49
GetAllIssuesByProduct,16.434,12396.242,1.095,12415.95
GetAllSOFsByProduct,16.77,10588.966,1.783,10609.261
GetRecsIOwn,17.707,8707.285,1.437,8728.369
GetMyOpenRecs,19.649,10137.129,21.279,10179.954
GetMyOpenRecs,21.082,8348.383,36.778,8408.07
GetMyOpenRecsByGrp,18.13,10938.883,2.065,10960.757
GetAllGPSOFsByProduct,22.04,2319.235,4.131,2352.275
GetAllGPSOFsByProduct,40.476,9538.792,1.057,9582.517
GetAllSOFsByProdAndSrc,69.166,13675.468,2.301,13758.343
GetAllGPSOFsByProduct,47.73,9388.569,0.927,9440.111
GetAllGPSOFsByProduct,21.742,9600.06,42.059,9666.181
GetAllGPSOFsByProduct,22.75,8318.126,3.003,8351.782
GetAllSOFsByProdAndSrc,18.547,13307.192,3.29,13332.813
GetAllGPSOFsByProduct,94.552,7531.317,17.841,8000.892
GetAllGPSOFsByProduct,96.247,9637.292,1.681,9739.036
GetAllGPSOFsByProduct,110.433,8171.577,4.647,8359.796
GetAllGPSOFsByProduct,23.99,11090.306,118.613,11236.044
GetAllGPSOFsByProduct,19.666,7400.495,2.769,7425.307
GetAllGPSOFsByProduct,21.693,3717.438,0.923,3742.517
GetAllGPSOFsByProduct,17.613,3686.223,1.212,3707.241
GetAllGPSOFsByProduct,19.999,6215.117,4.159,6241.465
GetAllGPSOFsByProduct,17.572,9307.439,157.385,9484.543
GetAllSOFsByProduct,7.538,14663.198,15.983,14709.668
GetAllSOFsByProduct,46.133,12858.677,2.089,12908.179
GetMyOpenRecsByGrp,102.104,16746.055,2.004,16870.988
GetMyOpenRecsByGrp,20.448,8214.872,42.901,8280.161
GetRecsIOwn,122.571,12713.373,0.833,12854.504
GetAllSOFsByProduct,24.069,14573.728,19.856,14619.437
GetAllSOFsByProduct,25.646,12646.95,2.209,12676.416
GetAllTPsByProduct,9.172,2937.769,0.572,2964.896
GetAllSOFsByProdAndSrc,42.747,13092.953,1.327,13148.218
GetAllSOFsByProdAndSrc,97.335,12293.287,6.412,12752.075
GetAllSOFsByProduct,45.766,14162.51,76.109,14296.108
GetAllSOFsByProduct,27.211,12147.365,3.319,12179.456
GetAllSOFsByProduct,23.374,10945.362,2.776,10973.171
GetAllSOFsByProduct,161.551,12924.719,5.956,13205.898
GetAllSOFsByProdAndSrc,26.375,11656.165,2.748,11688.541
GetAllSOFsByProdAndSrc,96.657,12890.214,7.382,13007.213
GetAllCAPAsByCustomer,27.514,8926.39,1.433,8958.475
GetAllIssuesByProduct,23.423,3225.05,15.29,3267.204
GetAllIssuesByProduct,25.289,12040.601,1.016,12071.625
GetAllSOFsByProduct,24.333,12738.751,10.429,12777.083
GetAllCAPAsByCustomer,22.193,9530.986,1.363,9556.363
GetRecsIOwn,27.724,11065.743,0.897,11097.703
GetMyOpenRecsByGrp,27.463,11004.047,3.477,11038.42
GetAllCAPAsByCustomer,8.058,11121.58,0.781,11132.052
GetAllIssuesByProduct,23.952,2117.37,0.67,2143.675
GetAllIssuesByProduct,23.466,10632.288,1.158,10658.82
GetAllCAPAsByCustomer,5.907,9650.195,0.799,9658.442
GetMyOpenRecsByGrp,24.33,9929.565,27.279,9982.982
GetMyOpenRecsByGrp,27.322,10920.345,21.77,10971.293
GetAllSOFsByProduct,218.338,13627.278,6.022,14024.31
GetAllSOFsByProduct,97.863,11707.537,37.561,11945.3
GetAllCAPAsByCustomer,22.965,9531.56,1.546,9571.739
GetAllSOFsByProduct,33.834,12684.62,12.636,12739.405
GetAllSOFsByProduct,95.125,12477.763,5.943,12591.14
GetAllCAPAsByCustomer,28.541,9413.541,1.414,9446.754
GetAllSOFsByProduct,101.353,14529.254,5.995,14649.407
GetAllCAPAsByCustomer,22.609,7498.258,2.031,7528.002
GetAllSOFsByProduct,93.12,12963.999,6.331,13076.463
GetAllSOFsByProduct,26.574,13687.036,8.233,13723.504
GetAllCAPAsByCustomer,23.891,8815.411,0.846,8843.542
GetAllIssuesByProduct,25.184,2333.517,1.446,2363.809
GetAllIssuesByProduct,22.539,9393.108,1.669,9418.872
GetAllTPsByProduct,6.767,1675.079,0.656,1685.704
GetAllTPsByProduct,6.415,7667.431,96.702,7772.051
GetAllSOFsByProduct,22.124,10541.778,11.449,10576.832
GetAllSOFsByProduct,96.953,12902.175,6.239,13138.934
GetAllSOFsByProduct,117.174,11514.461,7.852,11652.734
GetAllCAPAsByCustomer,6.757,9199.009,1.46,9210.644
GetAllCAPAsByCustomer,14.004,6206.32,1.371,6223.531
GetAllCAPAsByCustomer,5.259,7399.165,0.801,7407.128
GetAllCAPAsByCustomer,16.75,7208.138,1.327,7228.546
GetAllCAPAsByCustomer,24.126,7392.213,1.827,7419.807
GetAllCAPAsByCustomer,4.498,6191.349,1.336,6198.8
GetAllIssuesByProduct,92.281,1969.176,4.193,2078.446
GetAllIssuesByProduct,22.651,10750.273,3.246,10778.424
GetAllSOFsByProduct,23.228,12677.688,81.969,12786.255
GetAllSOFsByProduct,25.338,13000.109,8.352,13036.679
GetAllCAPAsByCustomer,7.278,8675.493,1.537,8688.547
GetAllCAPAsByCustomer,23.078,9267.796,1.448,9294.092
GetAllSOFsByProduct,24.253,14363.25,3.254,14392.432
GetAllCAPAsByCustomer,5.262,6997.025,1.344,7005.148
GetRecsIOwn,191.006,9779.252,0.688,10266.175
GetMyOpenRecs,29.751,13918.186,67.843,14032.892
GetAllCAPAsByCustomer,4.879,10094.484,1.18,10102.965
GetAllIssuesByProduct,41.18,3368.076,1.129,3413.115
GetAllIssuesByProduct,31.934,2215.56,1.13,2250.844
GetAllIssuesByProduct,32.188,2001.783,0.596,2036.728
GetAllCAPAsByCustomer,5.936,9325.52,1.801,9335.111
GetAllIssuesByProduct,60.568,381.367,4.425,456.759
GetAllIssuesByProduct,23.479,831.489,2.389,859.889
GetAllSOFsByProduct,7.141,6700.965,33.187,6756.812
GetAllIssuesByProduct,116.697,99.392,3.794,582.0
GetAllIssuesByProduct,35.272,622.747,1.714,662.002
GetAllSOFsByProduct,30.365,15967.003,4.86,16006.274
GetAllIssuesByProduct,23.925,76.101,0.626,102.841
GetAllIssuesByProduct,25.125,617.209,0.712,645.592
GetAllSOFsByProduct,8.577,7435.004,11.822,7457.411
GetAllSOFsByProduct,37.315,13165.28,34.699,13238.873
GetAllSOFsByProduct,192.897,17293.92,10.424,17650.244
GetAllCAPAsByCustomer,111.942,12321.941,1.011,12438.671
GetAllCAPAsByCustomer,9.996,10468.367,4.096,10484.514
GetAllSOFsByProduct,31.261,13739.12,12.257,13784.201
GetAllSOFsByProduct,20.702,11300.078,4.361,11581.671
GetAllIssuesByProduct,234.609,958.104,16.964,1223.812
GetAllIssuesByProduct,29.039,961.451,0.789,993.063
GetAllSOFsByProduct,7.413,14913.298,3.27,14925.819
GetAllSOFsByProduct,9.62,8401.571,3.52,8417.418
GetAllIssuesByProduct,33.511,596.775,0.677,632.763
GetAllIssuesByProduct,55.194,881.233,1.266,939.992
GetMyOpenRecsByGrp,163.634,14829.765,4.239,15015.127
GetMyOpenRecsByGrp,26.173,10446.945,36.248,10511.566
GetAllGPSOFsByProduct,27.847,9489.139,3.46,9528.274
GetAllGPSOFsByProduct,24.399,6108.442,7.734,6142.379
GetAllTPsByProduct,5.932,2883.071,0.92,2951.488
GetAllSOFsByProdAndSrc,23.775,11762.409,43.7,11842.386
GetAllSOFsByProdAndSrc,25.119,11714.931,42.118,11783.944
GetAllRMAsByCustomer,5.348,9730.041,15.774,9759.856
GetAllRMAsByCustomer,6.962,12043.96,2.466,12055.691
GetFAMeetingSOF,21.056,3046.102,44.03,3141.176
GetAllSOFsByProduct,27.314,387.47,2.749,424.835
GetAllSOFsByProduct,21.271,13687.394,6.047,13716.609
GetAllSOFsByProduct,25.352,13624.523,5.048,13657.298
GetAllSOFsByProduct,35.238,14840.417,4.802,14882.37
GetAllSOFsByProduct,25.355,3396.694,1.341,3424.788
GetAllSOFsByProduct,25.386,2918.984,1.277,2955.398
GetAllSOFsByProduct,67.934,3273.281,1.318,3344.369
GetAllSOFsByProduct,20.282,2428.428,0.623,2450.986
GetAllSOFsByProduct,24.448,13678.484,84.549,13789.329
GetAllSOFsByProduct,107.795,1962.693,4.36,2728.286
GetAllSOFsByProduct,26.14,1934.624,1.471,1964.395
GetAllSOFsByProduct,29.246,1968.492,1.089,2000.875
GetAllSOFsByProduct,25.737,1759.632,0.728,1788.979
GetAllSOFsByProduct,22.478,13093.986,127.958,13246.594
GetAllSOFsByProduct,29.831,2374.371,0.662,2407.516
GetAllSOFsByProduct,27.952,14480.057,58.321,14569.582
GetMyOpenRecs,32.215,16849.257,102.042,17040.265
GetMyOpenRecs,30.731,10240.043,77.518,10354.944
GetMyOpenRecsByGrp,26.354,8802.798,3.947,8836.792
GetAllIssuesByProduct,22.241,2101.07,0.66,2134.714
GetAllIssuesByProduct,21.562,1813.032,0.43,1836.255
GetAllSOFsByProduct,21.892,12537.083,3.345,12563.967
GetRecsIOwn,26.486,8373.803,1.319,8406.218
GetMyOpenRecsByGrp,24.014,10298.638,1.801,10326.635
GetMyOpenRecsByGrp,23.689,9743.005,7.016,9775.25
GetAllGPSOFsByProduct,24.173,7386.97,1.642,7416.599
GetAllGPSOFsByProduct,22.018,6666.936,11.881,6702.173
GetAllTPsByProduct,6.91,1628.715,0.431,1647.183
GetAllSOFsByProdAndSrc,20.343,11060.315,5.123,11089.272
GetAllSOFsByProdAndSrc,29.876,15184.256,22.256,15238.168
GetAllRMAsByCustomer,6.073,11199.464,10.315,11219.076
GetAllRMAsByCustomer,6.199,12314.727,2.241,12324.911
GetFAMeetingSOF,23.56,2962.253,47.825,3070.621
GetAllGPSOFsByProduct,22.099,4116.96,0.636,4141.631
GetAllGPSOFsByProduct,26.293,7362.092,0.871,7390.642
GetAllGPSOFsByProduct,20.889,7148.169,1.483,7172.359
GetRecsIOwn,27.801,6692.006,0.893,6722.354
GetRecsIOwn,24.877,5713.82,0.961,5741.222
GetAllSOFsByProduct,37.39,3244.037,1.042,3286.836
GetAllSOFsByProduct,24.545,14172.61,5.671,14205.752
GetAllSOFsByProduct,27.823,11808.782,6.73,11846.564
GetMyOpenRecs,187.535,19989.964,38.802,20219.94
GetMyOpenRecs,26.175,11046.63,48.726,11123.773
GetMyOpenRecsByGrp,24.533,11283.858,2.945,11313.933
GetAllIssuesByProduct,23.616,13828.71,1.884,13856.676
GetAllIssuesByProduct,24.341,12919.578,1.085,12946.925
GetAllSOFsByProduct,19.654,11600.893,2.148,11625.077
GetRecsIOwn,24.101,6905.209,1.381,6933.509
GetAllSOFsByProduct,167.98,11700.45,1.238,11872.481
GetAllSOFsByProduct,158.583,10825.713,7.378,11147.267
GetAllGPSOFsByProduct,33.824,8362.297,2.976,9175.816
GetAllGPSOFsByProduct,31.891,10628.095,14.6,10678.231
GetRecsIOwn,17.732,9539.037,4.392,9572.34
GetMyOpenRecsByGrp,356.932,18886.16,15.667,19484.154
GetAllIssuesByProduct,131.372,17310.891,2.591,17914.888
GetMyOpenRecs,34.884,18499.135,67.325,18613.332
GetMyOpenRecsByGrp,58.375,10955.993,16.168,11034.658
GetMyOpenRecsByGrp,36.233,7657.529,37.469,7734.777
GetAllTPsByProduct,15.454,3224.375,88.748,3352.994
GetAllTPsByProduct,8.18,11142.692,115.247,11269.648
GetMyOpenRecs,141.632,18741.707,64.484,18953.004
GetMyOpenRecs,99.612,18853.346,45.94,19002.624
GetRecsIOwn,199.662,9511.519,0.729,9729.164
GetAllIssuesByProduct,30.93,581.135,4.584,629.159
GetMyOpenRecs,30.413,19835.518,174.424,20046.42
GetAllIssuesByProduct,156.513,453.537,6.652,1196.349
GetAllIssuesByProduct,30.254,676.248,2.603,712.858
GetAllIssuesByProduct,29.17,729.577,1.519,763.481
GetRecsIOwn,40.634,6371.941,1.311,6420.864
GetRecsIOwn,28.647,7832.415,1.371,7865.956
GetAllGPSOFsByProduct,118.131,9464.364,10.822,9598.927
GetAllGPSOFsByProduct,31.08,8578.566,12.387,8625.619
GetAllGPSOFsByProduct,37.984,7874.087,3.053,7918.06
GetAllGPSOFsByProduct,24.8,6599.743,2.197,6628.952
GetAllGPSOFsByProduct,34.383,2232.607,1.952,2271.989
GetAllGPSOFsByProduct,29.103,7291.71,3.039,7327.296
GetAllGPSOFsByProduct,3.961,6520.055,2.772,6528.221
GetAllGPSOFsByProduct,6.913,6520.173,2.086,6531.782
GetAllGPSOFsByProduct,25.105,7563.126,2.567,7592.957
GetAllGPSOFsByProduct,31.398,8686.243,2.649,8724.369
GetAllGPSOFsByProduct,28.537,6371.098,12.775,6415.613
GetAllGPSOFsByProduct,21.475,6422.792,11.501,6458.144
GetAllGPSOFsByProduct,26.168,6247.731,52.794,6329.864
GetAllGPSOFsByProduct,27.622,6520.71,10.665,6562.303
GetAllGPSOFsByProduct,25.168,7694.46,10.546,7733.347
GetAllGPSOFsByProduct,24.239,5466.589,21.796,5515.258
GetAllGPSOFsByProduct,23.614,7089.79,19.322,7135.374
GetMyOpenRecsByGrp,32.415,11951.955,19.939,12030.614
GetMyOpenRecsByGrp,27.078,11191.231,33.919,11255.069
GetAllGPSOFsByProduct,194.089,7813.301,22.311,8044.835
GetMyOpenRecsByGrp,41.875,12397.059,55.113,12511.1
GetMyOpenRecsByGrp,41.272,8476.913,77.0,8598.642
GetAllIssuesByProduct,77.322,9567.307,2.608,9652.347
GetRecsIOwn,21.698,9790.982,3.086,9830.157
GetAllSOFsByProduct,25.18,10730.878,9.473,10784.554
GetMyOpenRecsByGrp,29.144,10226.713,49.791,10309.384
GetMyOpenRecs,191.69,19010.539,121.174,19800.48
GetMyOpenRecsByGrp,22.67,11062.436,11.77,11101.836
GetRecsIOwn,65.297,6608.675,2.333,6679.734
GetAllTPsByProduct,5.878,2781.553,18.317,2827.411
GetAllTPsByProduct,7.511,10692.796,33.566,10737.268
GetAllSOFsByProduct,49.808,2151.95,2.841,2215.619
GetAllSOFsByProduct,27.389,2209.42,2.685,2243.397
GetAllSOFsByProduct,22.727,11884.397,1.518,11911.134
GetRecsIOwn,11.058,7353.174,3.98,7380.619
GetAllIssuesByProduct,31.726,543.863,1.192,580.544
GetAllIssuesByProduct,25.241,380.582,2.251,410.533
GetAllIssuesByProduct,121.755,159.725,4.288,402.837
GetAllIssuesByProduct,30.794,171.156,1.451,205.35
GetAllIssuesByProduct,83.084,2486.993,16.57,2588.58
GetAllIssuesByProduct,23.728,2049.233,0.825,2075.383
GetAllIssuesByProduct,34.197,1939.034,0.818,1976.593
GetAllIssuesByProduct,30.37,13459.262,105.555,13597.412
GetAllIssuesByProduct,29.402,14579.715,1.492,14614.0
GetMyOpenRecsByGrp,30.639,11407.489,11.785,11472.593
GetMyOpenRecsByGrp,174.386,11704.804,14.645,12111.162
GetMyOpenRecsByGrp,30.27,9730.787,13.088,9775.917
GetMyOpenRecsByGrp,32.959,11547.001,49.105,11632.15
GetMyOpenRecsByGrp,24.991,7875.751,52.221,7955.213
GetAllGPSOFsByProduct,31.252,9358.418,6.363,9401.053
GetRecsIOwn,16.876,9169.507,8.348,9201.003
GetAllTPsByProduct,55.006,3873.354,0.976,3948.006
GetAllTPsByProduct,30.935,3548.282,0.907,3609.338
GetAllTPsByProduct,28.105,18132.873,360.245,18522.983
GetAllTPsByProduct,28.653,2240.612,17.642,2289.446
GetAllTPsByProduct,24.948,15910.048,90.26,16028.401
GetAllTPsByProduct,25.317,3596.492,0.977,3625.752
GetAllTPsByProduct,30.502,3720.467,0.892,3754.828
GetAllTPsByProduct,48.237,17405.031,110.934,17566.795
GetMyOpenRecs,22.449,12444.889,116.82,12597.655
GetAllGPSOFsByProduct,26.448,9195.669,5.248,9230.601
GetAllGPSOFsByProduct,48.692,7411.532,7.197,7469.876
GetRecsIOwn,26.724,7588.009,3.767,7622.365
GetAllGPSOFsByProduct,45.606,11106.31,5.122,11160.287
GetAllGPSOFsByProduct,23.765,7645.657,16.537,7688.4
GetRecsIOwn,90.149,9782.215,0.967,9876.886
GetRecsIOwn,26.488,6100.105,1.674,6131.329
GetRecsIOwn,73.801,8108.898,1.789,8186.822
GetRecsIOwn,38.614,5166.645,0.999,5209.54
GetAllTPsByProduct,6.633,2510.59,0.946,3094.696
GetAllTPsByProduct,9.057,10693.951,58.023,10764.18
GetAllTPsByProduct,5.961,2477.896,0.925,2486.68
GetAllTPsByProduct,6.416,10052.894,36.944,10099.384
GetAllTPsByProduct,6.091,7874.265,9.877,7894.039
GetMyOpenRecs,88.844,16976.687,43.82,17112.729
GetAllIssuesByProduct,50.696,2191.36,6.624,2749.536
GetAllIssuesByProduct,33.583,2080.58,13.865,2131.374
GetAllIssuesByProduct,28.566,2032.92,17.639,2082.248
GetAllIssuesByProduct,24.607,15174.936,20.085,15222.058
GetMyOpenRecsByGrp,40.775,12337.316,8.26,12392.66
GetRecsIOwn,31.389,6741.898,2.891,6781.893
GetAllIssuesByProduct,27.089,1940.258,12.361,1985.466
GetAllSOFsByProduct,22.07,1837.809,1.252,1866.179
GetAllTPsByProduct,6.139,1729.061,1.232,1741.21
GetIssuesClassByProduct,22.112,1892.94,1.311,1921.313
GetAssemblyClassByProduct,6.621,5935.861,0.741,5947.613
GetCauseClassByProduct,5.367,4713.813,1.143,4725.038
GetAllSOFsByProdAndSrc,5.528,1856.853,1.184,1868.442
GetAllRMAsByCustomer,5.564,1807.505,2.016,1820.314
GetAllCAPAsByCustomer,6.706,8151.741,2.416,8166.594
GetRecsIOwn,20.797,9836.281,3.119,9863.652
GetAllSOFsByProduct,24.952,11316.666,6.663,11350.983
GetAllIssuesByProduct,23.519,10102.489,2.246,10130.853
GetAllGPSOFsByProduct,42.97,8323.807,2.659,8374.302
GetAllGPSOFsByProduct,28.218,9042.716,12.567,9096.486
GetRecsIOwn,28.658,10301.791,1.29,10333.66
GetRecsIOwn,27.622,8728.301,1.267,8759.07
GetRecsIOwn,27.758,8263.148,0.741,8294.958
GetRecsIOwn,27.954,5885.283,1.246,5916.824
GetMyOpenRecs,28.835,16895.509,93.139,17050.384
GetMyOpenRecs,26.754,10808.499,215.417,11053.204
GetMyOpenRecsByGrp,27.373,10699.967,5.794,10736.09
GetAllIssuesByProduct,25.12,13425.416,2.779,13455.757
GetAllIssuesByProduct,23.635,12754.372,1.987,12782.095
GetAllSOFsByProduct,24.183,10520.868,4.766,10552.314
GetRecsIOwn,23.923,7956.435,0.951,7983.231
GetMyOpenRecsByGrp,28.15,9696.672,3.182,9730.4
GetMyOpenRecsByGrp,32.058,9491.264,10.455,9536.724
GetAllGPSOFsByProduct,23.922,7140.593,5.443,7172.131
GetAllGPSOFsByProduct,24.418,6334.189,34.384,6395.055
GetAllTPsByProduct,6.858,1701.335,0.706,1712.019
GetAllSOFsByProdAndSrc,20.891,10662.867,25.231,10711.819
GetAllSOFsByProdAndSrc,21.509,12468.577,36.714,12529.133
GetAllRMAsByCustomer,6.266,10497.832,40.109,10546.666
GetAllRMAsByCustomer,9.747,10421.784,2.368,10436.314
GetFAMeetingSOF,22.851,507.377,48.272,655.139
GetAllGPSOFsByProduct,32.797,3724.947,0.643,3761.244
GetAllGPSOFsByProduct,23.108,6677.503,2.18,6705.918
GetAllGPSOFsByProduct,23.012,6604.516,5.763,6635.969
GetRecsIOwn,23.363,8549.769,1.54,8577.955
GetRecsIOwn,25.289,7437.957,1.574,7467.419
GetMyOpenRecs,24.431,11610.722,37.847,11675.354
GetMyOpenRecs,25.465,10339.706,52.149,10419.586
GetMyOpenRecsByGrp,24.129,10850.252,5.802,10882.681
GetAllIssuesByProduct,23.226,12467.641,0.79,12494.014
GetAllIssuesByProduct,20.835,11617.716,1.885,11642.347
GetAllSOFsByProduct,19.384,10383.408,5.955,10414.677
GetRecsIOwn,39.055,6371.09,1.81,6414.46
GetMyOpenRecsByGrp,26.559,10404.66,3.702,10437.355
GetMyOpenRecsByGrp,27.634,9740.816,10.614,9781.561
GetAllGPSOFsByProduct,22.824,7103.717,4.998,7134.735
GetAllGPSOFsByProduct,22.641,6722.531,6.868,6754.003
GetAllTPsByProduct,6.424,2424.352,0.703,2433.676
GetAllSOFsByProdAndSrc,20.338,10826.893,9.627,10859.777
GetAllSOFsByProdAndSrc,25.143,11246.31,13.455,11287.163
GetAllRMAsByCustomer,6.13,9516.786,30.95,9556.265
GetAllRMAsByCustomer,6.561,9096.733,3.582,9109.628
GetFAMeetingSOF,21.159,2326.417,43.063,2415.532
GetAllSOFsByProduct,18.492,11963.412,2.414,11987.559
GetAllSOFsByProduct,9.831,1943.616,1.159,1958.605
GetMyOpenRecs,37.613,16304.235,52.623,16398.69
GetAllIssuesByProduct,210.06,1443.321,0.977,1658.505
GetAllSOFsByProduct,55.182,13133.64,1.088,13193.128
GetAllTPsByProduct,124.441,3707.14,12.907,3846.831
GetAllTPsByProduct,26.586,3982.057,0.772,4012.391
GetAllTPsByProduct,28.79,19963.302,177.783,20172.185
GetAllTPsByProduct,5.802,9396.785,61.4,9466.054
GetAllTPsByProduct,24.539,17058.839,36.247,17121.722
GetAllTPsByProduct,32.013,11939.746,36.624,12011.217
GetAllSOFsByProduct,20.896,15528.306,21.528,15573.758
GetAllSOFsByProduct,23.446,12584.482,2.863,12613.901
GetAllTPsByProduct,26.901,3122.064,0.775,3152.233
GetAllTPsByProduct,26.531,1713.6,1.428,1744.008
GetAllTPsByProduct,23.608,17826.882,38.87,17891.474
GetAllTPsByProduct,36.187,16519.616,39.89,16598.588
GetAllTPsByProduct,26.18,16342.428,37.552,16408.824
GetAllTPsByProduct,26.253,9352.173,39.471,9421.008
GetAllTPsByProduct,22.516,8960.984,38.005,9023.697
GetAllTPsByProduct,21.303,11800.636,56.733,11880.875
GetAllTPsByProduct,42.312,17444.994,53.299,17543.534
GetAllTPsByProduct,23.757,9225.952,29.644,9282.199
GetAllSOFsByProduct,24.89,15696.569,17.005,15741.536
GetAllSOFsByProduct,22.785,13507.605,21.03,13553.541
GetAllGPSOFsByProduct,85.346,4902.625,0.962,4992.36
GetAllGPSOFsByProduct,28.134,7893.435,1.753,7943.134
GetAllIssuesByProduct,6.611,13241.139,0.949,13252.55
GetAllIssuesByProduct,12.223,13466.895,0.912,13483.769
GetAllSOFsByProduct,33.939,11648.699,10.307,11697.86
GetRecsIOwn,23.77,9153.355,1.83,9182.847
GetAllGPSOFsByProduct,93.148,5704.017,0.961,5801.159
GetAllGPSOFsByProduct,21.5,7900.083,1.398,7927.021
